{"loss":4.977912425994873,"_timestamp":1.730838849037875e+09,"_runtime":27.783844,"_wandb":{"runtime":29},"_step":9}